,Thana,District,Accident_Severity,Month,Year,Time,Junction_Type,Traffic_Control,Collision_Type,Movement,Divider,Weather,Light,Road_Geometry,Surface_Condition,Surface_Type,Surface_Quality,Road_Class,Road_Feature,Location_Type,X,Y,Road_No,Vehicle_Type,Vehicle_Manoeuvre,Vehicle_Loading,Vehicle_Defect,Driver_Age,Alcohol,Seat_Belt
0,022,42,Fatal,January,2015,3,No Junction,Police Control,Hit Pedestrian,1-way Street,1-way Street,Fair,Daylight,Straight+Flat,Dry,Sealed,Good,National,None,Urban Area,     ?,     ?,   ?,Bus,Overtaking,Legal,None,40,Not Suspected,No
1,014,42,Fatal,January,2015,2,No Junction,Police Control,Overturned vehicle,2-way Street,1-way Street,Fair,Dawn,Straight+Flat,Dry,Sealed,Good,National,None,Urban Area,304479,074286,0003,Minibus,Going Ahead,Legal,None,40,Not Suspected,No
2,014,42,Fatal,January,2015,1,No Junction,Police Control,Hit Pedestrian,2-way Street,1-way Street,Fair,Dawn,Straight+Flat,Dry,Sealed,Good,National,None,Urban Area,     ?,     ?,   ?,Bus,Going Ahead,Legal,None,40,Suspected,No
3,034,42,Fatal,January,2015,1,No Junction,Police Control,Hit Object off Road,1-way Street,1-way Street,Fair,Night(lit),Straight+Flat,Dry,Sealed,Good,City,None,Urban Area,303871,073154,   ?,Heavy Truck,Going Ahead,Legal,None,45,Not Suspected,No
4,034,42,Fatal,January,2015,3,No Junction,No Control,Hit Pedestrian,1-way Street,1-way Street,Fair,Daylight,Straight+Flat,Dry,Sealed,Good,City,None,Urban Area,     ?,     ?,   ?,Pick Up,Going Ahead,Legal,None,30,Suspected,No
5,012,42,Fatal,January,2015,2,Cross Road,Police Control,Hit Pedestrian,1-way Street,1-way Street,Fair,Daylight,Straight+Flat,Dry,Sealed,Good,City,None,Urban Area,     ?,     ?,   ?,Bus,Going Ahead,Legal,None,35,Not Suspected,No
6,012,42,Fatal,January,2015,3,No Junction,Police Control,Hit Pedestrian,1-way Street,1-way Street,Fair,Daylight,Straight+Flat,Dry,Sealed,Good,City,None,Urban Area,     ?,     ?,   ?,Truck,Going Ahead,Legal,None,40,Not Suspected,No
7,041,42,Fatal,January,2015,4,T Junction,Police Control,Hit Pedestrian,1-way Street,1-way Street,Fair,Dawn,Straight+Flat,Dry,Sealed,Good,City,None,Urban Area,     ?,     ?,   ?,Heavy Truck,Other,Legal,None,40,Not Suspected,No
8,025,42,Fatal,January,2015,2,No Junction,No Control,Hit Pedestrian,2-way Street,2-way Street,Fog,Dawn,Straight+Flat,Dry,Sealed,Good,National,Speed Breakers,Urban Area,     ?,     ?,   ?,Bus,Going Ahead,Legal,None,30,Not Suspected,No
9,024,42,Fatal,January,2015,2,No Junction,Police Control,Hit Pedestrian,2-way Street,2-way Street,Fair,Daylight,Straight+Flat,Dry,Earth,Good,City,None,Urban Area,     ?,     ?,   ?,Truck,Going Ahead,Legal,None,20,Not Suspected,No
10,033,42,Grievios,January,2015,2,No Junction,Police Control,Hit Pedestrian,2-way Street,2-way Street,Fair,Daylight,Straight+Flat,Dry,Sealed,Good,Regional,None,Urban Area,304730,072310,   ?,Bus,Going Ahead,Legal,None,35,Not Suspected,No
11,033,42,Fatal,January,2015,4,T Junction,Police Control,Hit Pedestrian,2-way Street,2-way Street,Fair,Dawn,Curve Only,Dry,Sealed,Good,City,None,Urban Area,     ?,     ?,   ?,Bus,Going Ahead,Legal,None,40,Not Suspected,No
12,033,42,Fatal,January,2015,1,Round About,Police Control,Hit Pedestrian,2-way Street,2-way Street,Fog,Dawn,Curve Only,Dry,Sealed,Good,Feeder,None,Urban Area,304881,072265,   ?,Heavy Truck,Going Ahead,Legal,None,45,Not Suspected,No
13,044,42,Grievios,January,2015,3,Round About,Police Control,Hit Pedestrian,2-way Street,1-way Street,Fair,Daylight,Straight+Flat,Dry,Sealed,Good,National,None,Urban Area,304413,074177,0003,Bus,Going Ahead,Legal,None,40,Suspected,No
14,049,42,Simple,January,2015,2,Cross Road,Police Control,Hit Pedestrian,1-way Street,1-way Street,Fair,Daylight,Straight+Flat,Dry,Sealed,Good,City,None,Urban Area,     ?,     ?,   ?,Tempo,Going Ahead,Legal,None,38,Not Suspected,No
15,002,42,Fatal,January,2015,4,Round About,Police + Traffic Lights,Hit Pedestrian,2-way Street,1-way Street,Fair,Night(lit),Straight+Flat,Dry,Sealed,Good,City,None,Urban Area,304779,072420,   ?,Bus,Going Ahead,Legal,Other,35,Not Suspected,No
16,034,42,Fatal,February,2015,1,No Junction,No Control,Hit Pedestrian,2-way Street,1-way Street,Fair,Night(lit),Straight+Flat,Dry,Sealed,Good,City,None,Urban Area,     ?,     ?,   ?,Heavy Truck,Going Ahead,Legal,None,38,Suspected,No
17,034,42,Fatal,February,2015,2,No Junction,No Control,Hit Pedestrian,2-way Street,2-way Street,Fair,Dawn,Straight+Flat,Dry,Sealed,Good,City,None,Urban Area,     ?,     ?,   ?,Heavy Truck,Going Ahead,Legal,None,45,Not Suspected,No
18,015,42,Fatal,February,2015,3,No Junction,No Control,Hit Pedestrian,2-way Street,1-way Street,Fair,Daylight,Straight+Flat,Dry,Sealed,Good,Regional,None,Urban Area,     ?,     ?,   ?,Bus,Going Ahead,Legal,None,40,Not Suspected,No
19,011,42,Grievios,February,2015,2,No Junction,Police Control,Rear End,2-way Street,1-way Street,Fair,Daylight,Straight+Flat,Dry,Sealed,Good,Regional,None,Urban Area,304016,073145,   ?,Minibus,Going Ahead,Legal,None,40,Not Suspected,No
20,046,42,Fatal,February,2015,3,T Junction,Police Control,Hit Pedestrian,1-way Street,1-way Street,Fair,Daylight,Straight+Flat,Dry,Sealed,Good,City,None,Urban Area,     ?,     ?,   ?,Bus,Overtaking,Legal,None,40,Not Suspected,No
21,046,42,Fatal,February,2015,1,No Junction,No Control,Hit Object in Road,1-way Street,2-way Street,Fair,Daylight,Straight+Flat,Dry,Sealed,Good,City,None,Urban Area,     ?,     ?,   ?,Heavy Truck,Going Ahead,Legal,None,37,Suspected,No
22,045,42,Fatal,February,2015,3,Round About,Police Control,Hit Pedestrian,1-way Street,2-way Street,Fair,Daylight,Straight+Flat,Dry,Sealed,Good,City,None,Urban Area,     ?,     ?,   ?,Minibus,Going Ahead,Legal,None,40,Not Suspected,No
23,016,42,Fatal,February,2015,2,No Junction,No Control,Hit Pedestrian,1-way Street,2-way Street,Fair,Daylight,Straight+Flat,Dry,Sealed,Under Repair,Regional,None,Rural Area,     ?,     ?,   ?,Baby Taxi,Going Ahead,Legal,None,35,Not Suspected,No
24,021,42,Fatal,February,2015,4,T Junction,No Control,Hit Pedestrian,1-way Street,1-way Street,Fair,Night(lit),Straight+Flat,Dry,Sealed,Under Repair,National,None,Urban Area,304881,072069,   ?,Heavy Truck,Going Ahead,Legal,None,24,Suspected,No
25,035,42,Fatal,February,2015,1,No Junction,Police Control,Hit Pedestrian,1-way Street,2-way Street,Fair,Dawn,Curve + Slop,Dry,Sealed,Good,City,None,Urban Area,     ?,     ?,   ?,Heavy Truck,Going Ahead,Legal,None,45,Not Suspected,No
26,009,42,Grievios,February,2015,4,No Junction,No Control,Hit Pedestrian,2-way Street,1-way Street,Fair,Night(lit),Straight+Flat,Dry,Sealed,Good,Feeder,None,Urban Area,304308,073070,   ?,Car,Going Ahead,Legal,None,40,Not Suspected,No
27,022,42,Fatal,February,2015,1,No Junction,Police Control,Hit Pedestrian,2-way Street,2-way Street,Fair,Night(lit),Straight+Flat,Dry,Sealed,Good,National,None,Urban Area,     ?,     ?,0003,Bus,Going Ahead,Legal,None,40,Not Suspected,No
28,014,42,Simple,February,2015,2,No Junction,No Control,Hit Pedestrian,2-way Street,2-way Street,Fair,Dawn,Straight+Flat,Dry,Sealed,Good,City,None,Urban Area,304446,074175,   ?,Microbus,Overtaking,Legal,None,40,Not Suspected,No
29,033,42,Fatal,February,2015,1,Other,Police Control,Hit Pedestrian,1-way Street,2-way Street,Fog,Dawn,Curve Only,Dry,Sealed,Good,National,None,Urban Area,     ?,     ?,   ?,Bus,Going Ahead,Legal,None,45,Not Suspected,No
30,033,42,Fatal,February,2015,3,T Junction,Pedestrain Crossing,Hit Pedestrian,2-way Street,1-way Street,Fair,Daylight,Curve Only,Dry,Sealed,Good,City,None,Urban Area,304733,072311,   ?,Bus,Going Ahead,Legal,None,45,Not Suspected,No
31,033,42,Fatal,January,2015,4,No Junction,Police Control,Hit Pedestrian,1-way Street,1-way Street,Fair,Night(lit),Straight+Flat,Dry,Sealed,Good,National,None,Urban Area,305152,072120,   ?,Bus,Going Ahead,Legal,None,35,Not Suspected,No
32,033,42,Fatal,February,2015,1,No Junction,No Control,Hit Pedestrian,2-way Street,1-way Street,Fair,Dawn,Straight+Flat,Dry,Sealed,Good,National,None,Urban Area,305156,072110,   ?,Bus,Going Ahead,Legal,None,45,Not Suspected,No
33,023,42,Fatal,March,2015,1,Railway,Police Control,Hit Pedestrian,2-way Street,2-way Street,Fair,Night(lit),Straight+Flat,Dry,Sealed,Good,Regional,None,Urban Area,304717,073710,   ?,Heavy Truck,Going Ahead,Legal,None,40,Not Suspected,No
34,016,42,Grievios,March,2015,3,Cross Road,Police Control,Hit Pedestrian,2-way Street,1-way Street,Fair,Daylight,Straight+Flat,Dry,Sealed,Good,Regional,None,Urban Area,304745,073352,   ?,Bus,Going Ahead,Legal,None,40,Not Suspected,No
35,044,42,Grievios,February,2015,4,Other,No Control,Hit Pedestrian,2-way Street,1-way Street,Fair,Night(lit),Straight+Flat,Dry,Sealed,Good,City,None,Urban Area,304477,074285,   ?,Car,Crossing Road,Legal,None,23,Suspected,No
36,044,42,Fatal,February,2015,1,No Junction,Police Control,Hit Pedestrian,2-way Street,1-way Street,Fair,Dawn,Straight+Flat,Dry,Sealed,Good,National,None,Urban Area,     ?,     ?,0003,Pick Up,Going Ahead,Legal,None,40,Suspected,No
37,048,42,Fatal,March,2015,3,Cross Road,Police Control,Hit Pedestrian,2-way Street,2-way Street,Fair,Daylight,Straight+Flat,Dry,Sealed,Good,City,None,Urban Area,304771,072304,   ?,Minibus,Overtaking,Legal,None,32,Suspected,No
38,029,42,Fatal,January,2015,4,Round About,Police Control,Hit Pedestrian,2-way Street,2-way Street,Fair,Night(lit),Straight+Flat,Dry,Sealed,Good,City,None,Urban Area,304387,072635,   ?,Heavy Truck,Going Ahead,Legal,None,40,Not Suspected,No
39,029,42,Fatal,January,2015,2,No Junction,Police Control,Hit Pedestrian,2-way Street,1-way Street,Fair,Daylight,Straight+Flat,Dry,Sealed,Good,City,None,Urban Area,     ?,     ?,   ?,Bus,Going Ahead,Legal,None,40,Not Suspected,No
40,029,42,Fatal,February,2015,2,No Junction,Police Control,Hit Pedestrian,2-way Street,1-way Street,Fair,Daylight,Straight+Flat,Dry,Sealed,Good,City,None,Urban Area,     ?,     ?,   ?,Heavy Truck,Going Ahead,Legal,None,40,Not Suspected,No
41,029,42,Fatal,March,2015,3,No Junction,Police Control,Hit Pedestrian,2-way Street,1-way Street,Fair,Daylight,Straight+Flat,Dry,Sealed,Good,City,None,Urban Area,     ?,     ?,   ?,Bus,Going Ahead,Legal,None,30,Not Suspected,No
42,029,42,Fatal,March,2015,4,Cross Road,Police Control,Hit Pedestrian,2-way Street,1-way Street,Fair,Dawn,Straight+Flat,Dry,Sealed,Good,City,None,Urban Area,     ?,     ?,   ?,Bus,Sudden Start,Legal,None,45,Not Suspected,No
43,033,42,Fatal,March,2015,4,Round About,No Control,Hit Pedestrian,2-way Street,2-way Street,Fair,Dawn,Curve + Slop,Dry,Sealed,Good,National,None,Urban Area,304880,072265,   ?,Minibus,Going Ahead,Legal,None,35,Not Suspected,No
44,033,42,Fatal,March,2015,2,No Junction,No Control,Rear End,1-way Street,1-way Street,Fair,Daylight,Straight+Flat,Dry,Sealed,Good,National,None,Urban Area,305152,072120,   ?,Minibus,Going Ahead,Legal,None,40,Not Suspected,No
45,002,42,Fatal,February,2015,4,No Junction,Centreline,Hit Pedestrian,1-way Street,1-way Street,Fair,Night(unlit),Straight+Flat,Dry,Sealed,Good,City,None,Urban Area,304725,072422,   ?,Bus,Going Ahead,Legal,None,40,Not Suspected,No
46,002,42,Fatal,March,2015,4,No Junction,Centreline,Hit Pedestrian,1-way Street,1-way Street,Fair,Night(unlit),Straight+Flat,Dry,Sealed,Good,City,None,Urban Area,304634,072546,   ?,Tempo,Going Ahead,Legal,Other,30,Not Suspected,No
47,012,42,Grievios,February,2015,3,No Junction,Other,Hit Pedestrian,1-way Street,2-way Street,Fair,Daylight,Straight+Flat,Dry,Sealed,Good,City,None,Urban Area,     ?,     ?,   ?,Motor Cycle,Going Ahead,Legal,None,28,Not Suspected,Yes
48,049,42,Fatal,March,2015,1,No Junction,Police Control,Hit Object off Road,1-way Street,1-way Street,Fair,Night(lit),Straight+Flat,Dry,Sealed,Good,City,None,Urban Area,     ?,     ?,   ?,Pick Up,Going Ahead,Legal,None,28,Not Suspected,No
49,043,42,Fatal,March,2015,2,Cross Road,No Control,Hit Pedestrian,1-way Street,1-way Street,Fair,Dawn,Straight+Flat,Dry,Sealed,Good,City,None,Urban Area,     ?,     ?,   ?,Bus,Going Ahead,Legal,None,40,Not Suspected,No
50,022,42,Fatal,March,2015,2,No Junction,Police Control,Hit Object off Road,2-way Street,1-way Street,Fair,Daylight,Straight+Flat,Dry,Sealed,Good,National,None,Urban Area,304635,073926,0003,Bus,Going Ahead,Legal,None,40,Suspected,No
51,022,42,Fatal,March,2015,2,No Junction,Police Control,Hit Pedestrian,2-way Street,1-way Street,Fair,Daylight,Straight+Flat,Dry,Sealed,Good,National,None,Urban Area,304587,073985,0003,Bus,Going Ahead,Legal,None,40,Not Suspected,No
52,022,42,Fatal,March,2015,2,No Junction,Police Control,Hit Pedestrian,2-way Street,2-way Street,Fair,Daylight,Straight+Flat,Dry,Sealed,Good,National,None,Urban Area,304587,073985,0003,Bus,Going Ahead,Legal,None,40,Not Suspected,No
53,034,42,Fatal,March,2015,1,No Junction,Police Control,Hit Pedestrian,2-way Street,1-way Street,Fair,Night(lit),Straight+Flat,Dry,Sealed,Good,City,None,Urban Area,     ?,     ?,   ?,Bus,Going Ahead,Legal,None,45,Not Suspected,No
54,034,42,Fatal,March,2015,4,No Junction,No Control,Hit Pedestrian,1-way Street,1-way Street,Fair,Dawn,Straight+Flat,Dry,Sealed,Good,National,None,Urban Area,303873,073161,   ?,Bus,Going Ahead,Legal,None,40,Not Suspected,No
55,017,42,Fatal,March,2015,2,No Junction,No Control,Hit Pedestrian,1-way Street,1-way Street,Fair,Daylight,Straight+Flat,Dry,Sealed,Good,City,None,Urban Area,303993,073175,   ?,Minibus,Going Ahead,Legal,None,30,Not Suspected,No
56,015,42,Grievios,February,2015,3,No Junction,Police Control,Hit Pedestrian,2-way Street,1-way Street,Fair,Daylight,Straight+Flat,Dry,Sealed,Good,Regional,None,Urban Area,304017,073691,   ?,Bus,Going Ahead,Legal,None,45,Not Suspected,No
57,009,42,Fatal,March,2015,3,No Junction,No Control,Rear End,1-way Street,1-way Street,Fair,Night(lit),Straight+Flat,Dry,Sealed,Good,City,None,Urban Area,     ?,     ?,   ?,Bus,Going Ahead,Legal,None,40,Not Suspected,No
58,033,42,Fatal,March,2015,4,Other,Police Control,Hit Pedestrian,2-way Street,1-way Street,Fair,Night(lit),Straight+Flat,Dry,Sealed,Good,National,None,Urban Area,     ?,     ?,   ?,Bus,Going Ahead,Legal,None,40,Not Suspected,No
59,044,42,Fatal,March,2015,4,Round About,Police + Traffic Lights,Hit Pedestrian,2-way Street,2-way Street,Fair,Dawn,Straight+Flat,Dry,Sealed,Good,National,None,Urban Area,     ?,     ?,0003,Truck,Left Turn,Legal,None,38,Not Suspected,No
60,044,42,Fatal,March,2015,2,T Junction,No Control,Hit Pedestrian,2-way Street,2-way Street,Fair,Daylight,Straight+Flat,Dry,Sealed,Good,City,None,Urban Area,304477,074285,   ?,Tempo,Crossing Road,Legal,None,30,Suspected,No
61,001,42,Fatal,April,2015,2,Cross Road,Police Control,Hit Pedestrian,2-way Street,1-way Street,Fair,Daylight,Straight+Flat,Dry,Sealed,Under Repair,City,None,Urban Area,     ?,     ?,   ?,Bus,Going Ahead,Legal,None,40,Not Suspected,No
62,033,42,Fatal,April,2015,4,Other,No Control,Hit Pedestrian,2-way Street,2-way Street,Fair,Night(lit),Straight+Flat,Dry,Sealed,Good,National,None,Urban Area,     ?,     ?,   ?,Bus,Going Ahead,Legal,?,42,Not Suspected,No
63,033,42,Simple,April,2015,3,No Junction,Police Control,Hit Object off Road,1-way Street,1-way Street,Fair,Daylight,Straight+Flat,Dry,Sealed,Good,National,None,Urban Area,     ?,     ?,   ?,Bus,Going Ahead,Legal,None,40,Not Suspected,No
64,033,42,Fatal,April,2015,4,No Junction,Police Control,Hit Pedestrian,2-way Street,1-way Street,Fair,Night(lit),Straight+Flat,Dry,Sealed,Good,National,None,Urban Area,     ?,     ?,   ?,Bus,Going Ahead,Legal,None,40,Not Suspected,No
65,033,42,Fatal,April,2015,2,Other,No Control,Slide Swip,1-way Street,2-way Street,Fair,Daylight,Straight+Flat,Dry,Sealed,Good,City,None,Urban Area,305090,072142,   ?,Bus,Going Ahead,Legal,None,40,Not Suspected,No
66,033,42,Fatal,April,2015,3,Other,No Control,Hit Pedestrian,1-way Street,2-way Street,Fair,Daylight,Straight+Flat,Dry,Sealed,Good,Regional,None,Urban Area,     ?,     ?,   ?,Bus,Going Ahead,Legal,None,40,Not Suspected,No
67,033,42,Fatal,April,2015,2,No Junction,No Control,Hit Pedestrian,1-way Street,2-way Street,Fair,Daylight,Straight+Flat,Dry,Sealed,Good,National,None,Urban Area,305133,072166,   ?,Truck,Going Ahead,Legal,None,40,Not Suspected,No
68,033,42,Fatal,April,2015,4,No Junction,Other,Hit Pedestrian,1-way Street,1-way Street,Fair,Night(lit),Straight+Flat,Dry,Sealed,Good,Regional,None,Urban Area,304924,072279,   ?,Pick Up,Going Ahead,Legal,None,40,Not Suspected,No
69,033,42,Fatal,April,2015,1,Other,Police Control,Hit Pedestrian,2-way Street,1-way Street,Fair,Night(lit),Straight+Flat,Dry,Sealed,Good,National,None,Urban Area,     ?,     ?,   ?,Bus,Going Ahead,Legal,None,40,Not Suspected,No
70,023,42,Fatal,April,2015,1,No Junction,No Control,Hit Pedestrian,1-way Street,1-way Street,Fair,Dawn,Straight+Flat,Dry,Sealed,Good,National,None,Urban Area,     ?,     ?,   ?,Bus,Going Ahead,Legal,None,40,Not Suspected,No
71,023,42,Fatal,April,2015,2,Staggered Junction,No Control,Hit Pedestrian,2-way Street,2-way Street,Fair,Dawn,Curve Only,Dry,Sealed,Good,City,None,Urban Area,     ?,     ?,   ?,Bus,Going Ahead,Legal,None,40,Not Suspected,No
72,034,42,Fatal,April,2015,4,No Junction,No Control,Hit Pedestrian,1-way Street,1-way Street,Fair,Night(lit),Straight+Flat,Dry,Sealed,Good,National,None,Urban Area,     ?,     ?,   ?,Bus,Going Ahead,Legal,None,40,Not Suspected,No
73,034,42,Fatal,April,2015,2,T Junction,No Control,Hit Pedestrian,2-way Street,2-way Street,Fair,Daylight,Straight+Flat,Dry,Sealed,Good,City,None,Urban Area,     ?,     ?,   ?,Minibus,Overtaking,Legal,None,50,Suspected,No
74,034,42,Fatal,April,2015,4,No Junction,No Control,Hit Pedestrian,1-way Street,1-way Street,Fair,Daylight,Straight+Flat,Dry,Sealed,Good,City,None,Urban Area,     ?,     ?,   ?,Car,Going Ahead,Legal,None,35,Not Suspected,No
75,012,42,Fatal,April,2015,3,Other,Police Control,Hit Pedestrian,2-way Street,1-way Street,Fair,Daylight,Straight+Flat,Dry,Sealed,Good,City,None,Urban Area,     ?,     ?,   ?,Tempo,Going Ahead,Legal,None,45,Not Suspected,No
76,021,42,Fatal,April,2015,4,No Junction,No Control,Hit Pedestrian,2-way Street,2-way Street,Fair,Night(lit),Straight+Flat,Dry,Sealed,Good,National,None,Urban Area,     ?,     ?,   ?,Bus,Going Ahead,Legal,None,45,Suspected,No
77,011,42,Simple,April,2015,2,Round About,No Control,Hit Pedestrian,1-way Street,1-way Street,Fair,Night(lit),Straight+Flat,Dry,Sealed,Good,City,None,Urban Area,304160,073431,   ?,Minibus,Going Ahead,Legal,None,30,Not Suspected,No
78,024,42,Fatal,April,2015,4,No Junction,No Control,Hit Pedestrian,2-way Street,2-way Street,Fair,Night(lit),Curve + Slop,Dry,Sealed,Good,City,None,Rural Area,     ?,     ?,   ?,Heavy Truck,Going Ahead,Legal,None,40,Not Suspected,No
79,007,42,Grievios,April,2015,4,No Junction,Police Control,Hit Pedestrian,2-way Street,1-way Street,Fair,Daylight,Straight+Flat,Dry,Sealed,Good,City,None,Urban Area,     ?,     ?,   ?,Bus,Going Ahead,Legal,None,27,Not Suspected,No
80,036,42,Fatal,April,2015,2,No Junction,Police Control,Hit Pedestrian,2-way Street,1-way Street,Fair,Dawn,Straight+Flat,Dry,Sealed,Good,City,None,Urban Area,     ?,     ?,   ?,Car,Going Ahead,Legal,None,45,Not Suspected,No
81,022,42,Fatal,April,2015,4,No Junction,Police Control,Hit Pedestrian,2-way Street,1-way Street,Fair,Night(lit),Straight+Flat,Dry,Sealed,Good,National,None,Urban Area,304592,073979,0003,Bus,Going Ahead,Legal,None,40,Not Suspected,No
82,022,42,Fatal,April,2015,2,No Junction,Police Control,Hit Pedestrian,2-way Street,1-way Street,Fair,Daylight,Straight+Flat,Dry,Sealed,Good,National,None,Urban Area,304655,073908,0003,Bus,Going Ahead,Legal,None,40,Not Suspected,No
83,029,42,Fatal,April,2015,2,No Junction,Police Control,Hit Pedestrian,2-way Street,1-way Street,Fair,Daylight,Straight+Flat,Dry,Sealed,Good,City,None,Urban Area,     ?,     ?,   ?,Bus,Going Ahead,Legal,None, ?,Suspected,No
84,044,42,Fatal,April,2015,1,T Junction,Police Control,Hit Pedestrian,2-way Street,2-way Street,Fair,Dawn,Straight+Flat,Dry,Sealed,Good,National,None,Urban Area,     ?,     ?,0003,Bus,Going Ahead,Legal,None,40,Suspected,No
85,009,42,Fatal,April,2015,1,Other,No Control,Hit Pedestrian,1-way Street,1-way Street,Fair,Night(lit),Straight+Flat,Dry,Sealed,Good,National,None,Urban Area,     ?,     ?,   ?,Bus,Going Ahead,Legal,None,40,Suspected,No
86,010,42,Fatal,April,2015,1,No Junction,No Control,Hit Object off Road,2-way Street,2-way Street,Fair,Dawn,Straight+Flat,Dry,Sealed,Good,Regional,None,Urban Area,     ?,     ?,   ?,Pick Up,Going Ahead,Legal,None,21,Not Suspected,No
87,032,42,Fatal,April,2015,2,No Junction,Police Control,Hit Pedestrian,2-way Street,1-way Street,Fair,Dawn,Straight+Flat,Dry,Sealed,Good,City,None,Urban Area,     ?,     ?,   ?,Bus,Going Ahead,Legal,None,40,Not Suspected,No
88,026,42,Fatal,August,2015,4,No Junction,No Control,Head On,2-way Street,2-way Street,Fair,Night(lit),Straight+Flat,Dry,Sealed,Good,National,None,Urban Area,     ?,     ?,   ?,Pick Up,Other,?,?, ?,?,?
89,027,42,Grievios,May,2015,3,No Junction,Police Control,Hit Pedestrian,2-way Street,1-way Street,Fair,Daylight,Straight+Flat,Dry,Sealed,Good,City,None,Urban Area,     ?,     ?,   ?,Bus,Going Ahead,Legal,None,40,Not Suspected,No
90,040,42,Simple,May,2015,2,No Junction,Police Control,Rear End,2-way Street,1-way Street,Fair,Daylight,Straight+Flat,Dry,Sealed,Good,City,None,Urban Area,     ?,     ?,   ?,Bus,Crossing Road,Legal,None,30,Not Suspected,No
91,010,42,Fatal,July,2015,4,T Junction,Other,Hit Pedestrian,1-way Street,1-way Street,Fair,Dawn,Straight+Flat,Dry,Sealed,Good,Feeder,None,Urban Area,304191,072857,   ?,Bus,Going Ahead,Legal,None,40,Not Suspected,No
92,017,42,Grievios,May,2015,3,T Junction,Police Control,Hit Pedestrian,2-way Street,1-way Street,Fair,Daylight,Straight+Flat,Dry,Brick,Good,City,Culvert,Urban Area,     ?,     ?,   ?,Minibus,Going Ahead,Legal,Lights,26,Not Suspected,No
93,013,42,Fatal,May,2015,1,Cross Road,No Control,Hit Pedestrian,1-way Street,1-way Street,Fair,Night(lit),Straight+Flat,Dry,Sealed,Good,National,None,Urban Area,     ?,     ?,   ?,Heavy Truck,Going Ahead,Legal,None,38,Not Suspected,No
94,049,42,Grievios,May,2015,2,No Junction,No Control,Hit Pedestrian,1-way Street,2-way Street,Fair,Daylight,Curve Only,Dry,Sealed,Good,Feeder,None,Urban Area,     ?,     ?,   ?,Truck,Left Turn,Legal,None,25,Not Suspected,No
95,034,42,Fatal,May,2015,4,No Junction,No Control,Hit Pedestrian,2-way Street,1-way Street,Fair,Night(lit),Straight+Flat,Dry,Sealed,Good,City,None,Urban Area,304017,073145,   ?,Tempo,Going Ahead,Legal,None,40,Not Suspected,No
96,025,42,Grievios,May,2015,3,Cross Road,No Control,Hit Pedestrian,2-way Street,1-way Street,Fair,Daylight,Curve Only,Dry,Sealed,Good,City,None,Urban Area,     ?,     ?,   ?,Tempo,Reversing,Legal,None,30,Not Suspected,No
97,022,42,Fatal,May,2015,4,No Junction,Police Control,Hit Pedestrian,1-way Street,1-way Street,Fair,Night(lit),Straight+Flat,Dry,Sealed,Good,National,None,Urban Area,     ?,     ?,0003,Bus,Going Ahead,Legal,None,35,Not Suspected,No
98,036,42,Grievios,May,2015,2,No Junction,Police Control,Hit Pedestrian,2-way Street,1-way Street,Fair,Daylight,Straight+Flat,Dry,Sealed,Good,Regional,None,Urban Area,     ?,     ?,   ?,Minibus,Going Ahead,Legal,None,30,Not Suspected,No
99,033,42,Fatal,May,2015,3,No Junction,Police Control,Hit Pedestrian,1-way Street,1-way Street,Fair,Daylight,Slop Only,Dry,Sealed,Under Repair,Regional,None,Urban Area,     ?,     ?,   ?,Bus,Going Ahead,Legal,None,30,Not Suspected,No
100,032,42,Fatal,May,2015,1,Cross Road,Police Control,Hit Pedestrian,2-way Street,1-way Street,Fair,Night(lit),Straight+Flat,Dry,Sealed,Rough,City,None,Urban Area,     ?,     ?,   ?,Bus,Going Ahead,Legal,None,40,Suspected,No
101,009,42,Fatal,May,2015,1,No Junction,No Control,Hit Pedestrian,1-way Street,1-way Street,Fair,Night(lit),Straight+Flat,Dry,Sealed,Good,National,None,Urban Area,304656,073908,   ?,Bus,Going Ahead,Legal,None,30,Not Suspected,No
102,009,42,Fatal,May,2015,2,No Junction,No Control,Hit Pedestrian,1-way Street,1-way Street,Fair,Daylight,Straight+Flat,Dry,Sealed,Good,National,None,Urban Area,     ?,     ?,   ?,Bus,Going Ahead,Legal,None,40,Not Suspected,No
103,007,42,Simple,May,2015,4,No Junction,Police Control,Hit Pedestrian,2-way Street,2-way Street,Fair,Night(lit),Straight+Flat,Dry,Sealed,Good,City,None,Urban Area,     ?,     ?,   ?,Artic Truck,Left Turn,Legal,None,30,Not Suspected,No
104,009,42,Grievios,June,2015,2,No Junction,Police Control,Hit Pedestrian,1-way Street,1-way Street,Fair,Daylight,Straight+Flat,Dry,Sealed,Good,National,None,Urban Area,     ?,     ?,   ?,Bus,Going Ahead,Legal,None,28,Not Suspected,No
105,009,42,Fatal,June,2015,4,No Junction,Police Control,Hit Pedestrian,1-way Street,1-way Street,Fair,Night(lit),Straight+Flat,Dry,Sealed,Good,National,None,Urban Area,304354,072884,   ?,Bus,Going Ahead,Legal,None,40,Not Suspected,No
106,049,42,Fatal,June,2015,3,T Junction,Other,Hit Pedestrian,2-way Street,2-way Street,Fair,Daylight,Straight+Flat,Dry,Sealed,Good,Feeder,Narrowing,Urban Area,     ?,     ?,   ?,Pick Up,Reversing,Legal,None,24,Not Suspected,No
107,024,42,Fatal,June,2015,1,No Junction,No Control,Hit Pedestrian,2-way Street,2-way Street,Fair,Dawn,Straight+Flat,Dry,Sealed,Good,National,None,Urban Area,     ?,     ?,   ?,Heavy Truck,Going Ahead,Legal,None,40,Not Suspected,No
108,024,42,Fatal,June,2015,3,T Junction,No Control,Hit Pedestrian,2-way Street,2-way Street,Fair,Daylight,Curve Only,Muddy,Sealed,Good,City,None,Urban Area,     ?,     ?,   ?,Heavy Truck,Going Ahead,Legal,None,35,Not Suspected,No
109,024,42,Fatal,June,2015,3,No Junction,No Control,Hit Pedestrian,2-way Street,2-way Street,Fair,Daylight,Straight+Flat,Dry,Sealed,Good,City,None,Urban Area,     ?,     ?,   ?,Heavy Truck,Going Ahead,Legal,None,50,Not Suspected,No
110,034,42,Fatal,June,2015,1,No Junction,No Control,Hit Pedestrian,1-way Street,1-way Street,Fair,Dawn,Straight+Flat,Dry,Sealed,Good,National,None,Urban Area,     ?,     ?,   ?,Bus,Going Ahead,Legal,None,30,Suspected,No
111,048,42,Fatal,June,2015,2,Staggered Junction,Police Control,Hit Pedestrian,2-way Street,2-way Street,Fair,Daylight,Straight+Flat,Dry,Sealed,Good,City,None,Urban Area,304194,072986,   ?,Bus,Going Ahead,Legal,None,30,Suspected,No
112,011,42,Fatal,June,2015,4,No Junction,Police Control,Hit Pedestrian,1-way Street,1-way Street,Fair,Dawn,Straight+Flat,Dry,Sealed,Good,City,None,Urban Area,304162,073435,   ?,Bus,Going Ahead,Legal,None,30,Not Suspected,No
113,015,42,Fatal,June,2015,4,T Junction,Other,Hit Pedestrian,2-way Street,2-way Street,Fair,Night(unlit),Curve Only,Dry,Sealed,Good,City,None,Urban Area,     ?,     ?,   ?,Heavy Truck,Going Ahead,Legal,None,30,Not Suspected,No
114,015,42,Fatal,June,2015,2,Other,Other,Hit Pedestrian,2-way Street,2-way Street,Fair,Daylight,Straight+Flat,Dry,Sealed,Under Repair,Regional,None,Urban Area,     ?,     ?,   ?,Heavy Truck,Going Ahead,Legal,None,30,Suspected,No
115,012,42,Fatal,June,2015,3,No Junction,Police Control,Hit Pedestrian,1-way Street,1-way Street,Rain,Daylight,Straight+Flat,Dry,Sealed,Good,National,None,Urban Area,304725,073523,   ?,Bus,Going Ahead,Legal,None,30,Not Suspected,No
116,023,42,Fatal,June,2015,4,Other,Police Control,Hit Pedestrian,1-way Street,1-way Street,Fair,Night(lit),Slop Only,Dry,Sealed,Good,National,None,Urban Area,304730,073603,   ?,Bus,Going Ahead,Legal,None,30,Not Suspected,No
117,023,42,Fatal,June,2015,3,Other,Police Control,Hit Pedestrian,1-way Street,1-way Street,Fair,Daylight,Curve Only,Dry,Sealed,Good,National,None,Urban Area,     ?,     ?,   ?,Minibus,Going Ahead,Legal,None,30,Not Suspected,No
118,030,42,Grievios,June,2015,3,No Junction,No Control,Overturned vehicle,2-way Street,2-way Street,Fair,Daylight,Curve + Slop,Muddy,Brick,Rough,City,Narrowing,Urban Area,     ?,     ?,   ?,Car,Going Ahead,Legal,None,20,Not Suspected,No
119,030,42,Fatal,June,2015,3,No Junction,Police Control,Hit Pedestrian,2-way Street,2-way Street,Fair,Daylight,Straight+Flat,Dry,Sealed,Good,Feeder,None,Urban Area,     ?,     ?,   ?,Car,Going Ahead,Legal,None,35,Not Suspected,No
120,030,42,Simple,May,2015,1,Other,Police Control,Overturned vehicle,2-way Street,2-way Street,Fair,Daylight,Straight+Flat,Dry,Sealed,Rough,Rural Road,Narrowing,Rural Area,     ?,     ?,   ?,Other,Going Ahead,Legal,None,30,Not Suspected,No
121,043,42,Simple,June,2015,2,No Junction,No Control,Hit Pedestrian,1-way Street,1-way Street,Fair,Daylight,Straight+Flat,Dry,Sealed,Good,City,None,Urban Area,304761,073349,   ?,Pick Up,Sudden Stop,Legal,None,40,Not Suspected,No
122,042,42,Fatal,June,2015,3,No Junction,Police + Traffic Lights,Hit Pedestrian,1-way Street,1-way Street,Fair,Night(lit),Straight+Flat,Dry,Sealed,Good,National,None,Urban Area,304592,073430,   ?,Bus,Going Ahead,Legal,None,40,Not Suspected,No
123,044,42,Fatal,June,2015,4,No Junction,Other,Hit Pedestrian,2-way Street,2-way Street,Rain,Night(unlit),Straight+Flat,wet,Sealed,Good,National,None,Urban Area,     ?,     ?,   ?,Other,Other,Legal,Other,42,Not Suspected,No
124,022,42,Fatal,June,2015,3,No Junction,Police Control,Hit Pedestrian,2-way Street,1-way Street,Fair,Daylight,Straight+Flat,Dry,Sealed,Good,National,None,Urban Area,     ?,     ?,0003,Bus,Going Ahead,Legal,None,40,Suspected,Yes
125,022,42,Fatal,June,2015,1,No Junction,Police Control,Hit Pedestrian,2-way Street,1-way Street,Fair,Daylight,Straight+Flat,Dry,Sealed,Good,National,None,Urban Area,304636,073925,0003,Bus,Going Ahead,Legal,None,40,Not Suspected,No
126,022,42,Fatal,June,2015,2,No Junction,Police Control,Hit Pedestrian,2-way Street,1-way Street,Fair,Dawn,Straight+Flat,Dry,Sealed,Good,National,None,Urban Area,304594,073978,0003,Bus,Going Ahead,Legal,None,30,Not Suspected,No
127,040,42,Fatal,June,2015,1,No Junction,Police Control,Hit Pedestrian,2-way Street,1-way Street,Fair,Night(lit),Straight+Flat,Dry,Sealed,Good,City,None,Urban Area,     ?,     ?,   ?,Heavy Truck,Going Ahead,Legal,None,40,Suspected,No
128,040,42,Fatal,June,2015,3,No Junction,Police Control,Hit Pedestrian,2-way Street,1-way Street,Fair,Daylight,Straight+Flat,Dry,Sealed,Good,City,None,Urban Area,     ?,     ?,   ?,Bus,Going Ahead,Legal,None,35,Not Suspected,No
129,033,42,Fatal,June,2015,3,Round About,No Control,Hit Pedestrian,2-way Street,2-way Street,Fair,Daylight,Straight+Flat,Dry,Sealed,Good,Feeder,None,Urban Area,     ?,     ?,   ?,Bus,Going Ahead,Legal,None,40,Not Suspected,No
130,033,42,Fatal,June,2015,2,Other,No Control,Hit Pedestrian,2-way Street,1-way Street,Fair,Night(lit),Straight+Flat,Dry,Sealed,Good,National,None,Urban Area,305081,072164,   ?,Bus,Going Ahead,Legal,None,35,Not Suspected,No
131,033,42,Fatal,June,2015,4,Other,No Control,Hit Pedestrian,1-way Street,2-way Street,Fair,Dawn,Straight+Flat,Dry,Sealed,Good,National,None,Urban Area,     ?,     ?,   ?,Bus,Going Ahead,Legal,None,30,Not Suspected,No
132,033,42,Fatal,June,2015,2,Other,Police Control,Hit Pedestrian,1-way Street,2-way Street,Fair,Daylight,Straight+Flat,Dry,Sealed,Good,National,None,Urban Area,     ?,     ?,   ?,Heavy Truck,Going Ahead,Legal,None,40,Not Suspected,No
133,001,42,Grievios,May,2015,1,Cross Road,No Control,Hit Object in Road,2-way Street,1-way Street,Fair,Daylight,Straight+Flat,Dry,Sealed,Under Repair,City,None,Urban Area,304668,072621,   ?,Bus,Going Ahead,Legal,None,40,Not Suspected,No
134,033,42,Fatal,June,2015,2,T Junction,Police Control,Hit Pedestrian,2-way Street,2-way Street,Fair,Daylight,Curve Only,Dry,Sealed,Good,National,None,Urban Area,304811,072302,   ?,Bus,Going Ahead,Legal,None,40,Not Suspected,No
135,033,42,Fatal,June,2015,1,Other,Police Control,Hit Pedestrian,1-way Street,2-way Street,Fair,Daylight,Straight+Flat,Dry,Sealed,Good,National,None,Urban Area,     ?,     ?,   ?,Bus,Going Ahead,Legal,None,40,Not Suspected,No
136,033,42,Fatal,June,2015,1,Other,Police Control,Hit Pedestrian,1-way Street,2-way Street,Fair,Daylight,Straight+Flat,Dry,Sealed,Good,Regional,None,Urban Area,     ?,     ?,   ?,Pick Up,Going Ahead,Legal,None,45,Not Suspected,Yes
137,033,42,Fatal,June,2015,2,No Junction,No Control,Hit Pedestrian,1-way Street,1-way Street,Fair,Daylight,Straight+Flat,Dry,Sealed,Good,National,None,Urban Area,     ?,     ?,   ?,Minibus,Going Ahead,Legal,None,35,Not Suspected,No
138,033,42,Fatal,June,2015,2,Other,No Control,Hit Pedestrian,1-way Street,1-way Street,Fair,Daylight,Straight+Flat,Dry,Sealed,Good,National,None,Urban Area,     ?,     ?,   ?,Bus,Going Ahead,Legal,None,45,Not Suspected,No
139,023,42,Fatal,July,2015,4,T Junction,No Control,Hit Pedestrian,1-way Street,2-way Street,Fair,Dawn,Curve Only,Dry,Sealed,Good,National,None,Urban Area,     ?,     ?,   ?,Bus,Going Ahead,Legal,None,40,Not Suspected,No
140,023,42,Grievios,July,2015,1,Other,No Control,Other,1-way Street,1-way Street,Rain,Dawn,Slop Only,wet,Sealed,Good,National,None,Urban Area,304615,073670,   ?,Minibus,Other,Legal,Other,40,Not Suspected,No
141,032,42,Fatal,July,2015,3,No Junction,Traffic Lights,Head On,1-way Street,2-way Street,Fair,Dawn,Curve Only,Dry,Sealed,Rough,National,None,Urban Area,     ?,     ?,   ?,Truck,Left Turn,Legal,None,30,Suspected,No
142,043,42,Fatal,July,2015,4,Other,No Control,Hit Pedestrian,1-way Street,1-way Street,Rain,Night(lit),Straight+Flat,wet,Sealed,Good,City,None,Urban Area,304730,073601,   ?,Bus,Other,Legal,Other,32,Not Suspected,No
143,040,42,Fatal,July,2015,1,T Junction,No Control,Hit Pedestrian,1-way Street,1-way Street,Fair,Dawn,Straight+Flat,Dry,Sealed,Good,City,None,Urban Area,     ?,     ?,   ?,Truck,Going Ahead,Legal,None,40,Not Suspected,Yes
144,014,42,Fatal,July,2015,1,Staggered Junction,Pedestrain Crossing,Hit Pedestrian,2-way Street,1-way Street,Fair,Night(lit),Straight+Flat,Dry,Sealed,Good,National,None,Urban Area,304516,074101,0003,Bus,Going Ahead,Legal,None,40,Not Suspected,No
145,017,42,Simple,July,2015,1,T Junction,No Control,Hit Pedestrian,1-way Street,1-way Street,Rain,Daylight,Straight+Flat,wet,Sealed,Good,City,None,Urban Area,     ?,     ?,   ?,Pick Up,Going Ahead,Legal,None,40,Not Suspected,Yes
146,034,42,Fatal,June,2015,1,T Junction,No Control,Hit Pedestrian,1-way Street,1-way Street,Fair,Dawn,Straight+Flat,Dry,Sealed,Good,City,None,Urban Area,     ?,     ?,   ?,Bus,Going Ahead,Legal,None,35,Not Suspected,No
147,024,42,Fatal,July,2015,1,Other,No Control,Overturned vehicle,2-way Street,2-way Street,Rain,Night(unlit),Straight+Flat,Dry,Sealed,Good,National,None,Rural Area,     ?,     ?,   ?,Heavy Truck,Going Ahead,Legal,None,40,Not Suspected,No
148,033,42,Fatal,July,2015,2,Other,Police Control,Hit Pedestrian,1-way Street,2-way Street,Rain,Daylight,Straight+Flat,wet,Sealed,Good,National,None,Urban Area,305135,072155,   ?,Bus,Going Ahead,Legal,None,40,Not Suspected,No
149,033,42,Fatal,July,2015,1,Other,Police Control,Hit Pedestrian,1-way Street,1-way Street,Rain,Daylight,Straight+Flat,wet,Sealed,Good,National,None,Urban Area,     ?,     ?,   ?,Bus,Going Ahead,Legal,None,40,Not Suspected,No
150,033,42,Fatal,July,2015,3,Other,Police Control,Hit Pedestrian,1-way Street,1-way Street,Rain,Dawn,Curve + Slop,wet,Sealed,Rough,National,None,Urban Area,304734,072445,   ?,Bus,Going Ahead,Legal,None,40,Not Suspected,No
151,033,42,Fatal,July,2015,3,Other,Police Control,Hit Pedestrian,1-way Street,2-way Street,Fair,Daylight,Straight+Flat,wet,Sealed,Good,National,None,Urban Area,     ?,     ?,   ?,Bus,Going Ahead,Legal,None,40,Not Suspected,No
152,033,42,Simple,July,2015,3,Other,Police Control,Hit Pedestrian,1-way Street,1-way Street,Fair,Daylight,Straight+Flat,Dry,Sealed,Good,National,None,Urban Area,     ?,     ?,   ?,Bus,Going Ahead,Legal,None,35,Not Suspected,No
153,033,42,Fatal,July,2015,1,Other,Police Control,Hit Pedestrian,1-way Street,2-way Street,Fair,Daylight,Straight+Flat,wet,Sealed,Good,National,None,Urban Area,304883,072360,   ?,Bus,Going Ahead,Legal,None,40,Not Suspected,No
154,033,42,Fatal,July,2015,4,Other,Police Control,Hit Pedestrian,1-way Street,1-way Street,Fair,Daylight,Straight+Flat,wet,Sealed,Good,National,None,Urban Area,304882,072365,   ?,Car,Going Ahead,Legal,None,35,Not Suspected,Yes
155,037,42,Grievios,July,2015,3,Other,Police Control,Hit Pedestrian,1-way Street,1-way Street,Fair,Daylight,Straight+Flat,Dry,Sealed,Good,National,None,Urban Area,304239,072816,   ?,Bus,Going Ahead,Legal,None,40,Not Suspected,No
156,040,42,Fatal,August,2015,3,Cross Road,Police Control,Hit Pedestrian,1-way Street,1-way Street,Fair,Daylight,Straight+Flat,Dry,Sealed,Good,City,None,Urban Area,304536,072375,   ?,Bus,Going Ahead,Legal,None,40,Not Suspected,No
157,013,42,Fatal,August,2015,4,Cross Road,Police Control,Hit Pedestrian,1-way Street,1-way Street,Fair,Night(lit),Curve Only,Dry,Sealed,Good,National,None,Urban Area,     ?,     ?,   ?,Bus,Going Ahead,Legal,None,40,Not Suspected,No
158,016,42,Fatal,August,2015,3,Cross Road,No Control,Hit Pedestrian,1-way Street,1-way Street,Fair,Daylight,Straight+Flat,Dry,Sealed,Good,Regional,None,Rural Area,     ?,     ?,   ?,Motor Cycle,Going Ahead,Legal,None,45,Not Suspected,Yes
159,032,42,Fatal,August,2015,4,No Junction,No Control,Hit Pedestrian,2-way Street,1-way Street,Fair,Night(lit),Straight+Flat,Dry,Sealed,Good,Feeder,None,Urban Area,304453,072869,   ?,Pick Up,Going Ahead,Legal,Brakes,35,Not Suspected,No
160,042,42,Fatal,August,2015,1,Cross Road,Police Control,Hit Pedestrian,2-way Street,1-way Street,Fair,Daylight,Straight+Flat,Dry,Sealed,Good,City,None,Urban Area,     ?,     ?,   ?,Bus,Going Ahead,Legal,None,40,Not Suspected,No
161,042,42,Grievios,August,2015,4,Cross Road,Police Control,Hit Object in Road,1-way Street,1-way Street,Fair,Night(lit),Straight+Flat,Dry,Sealed,Good,City,None,Urban Area,     ?,     ?,   ?,Bus,Going Ahead,Legal,None,40,Not Suspected,No
162,024,42,Fatal,August,2015,4,Cross Road,No Control,Hit Pedestrian,2-way Street,2-way Street,Fair,Night(unlit),Curve Only,Dry,Sealed,Good,City,None,Rural Area,     ?,     ?,   ?,Heavy Truck,Going Ahead,Legal,None,35,Not Suspected,No
163,024,42,Grievios,August,2015,3,T Junction,Police Control,Hit Pedestrian,2-way Street,2-way Street,Fair,Daylight,Straight+Flat,Dry,Sealed,Good,City,None,Urban Area,     ?,     ?,   ?,Baby Taxi,Going Ahead,Legal,None,50,Not Suspected,No
164,024,42,Fatal,August,2015,2,Cross Road,Police Control,Hit Pedestrian,2-way Street,2-way Street,Fair,Daylight,Slop Only,Dry,Sealed,Good,City,None,Urban Area,     ?,     ?,   ?,Heavy Truck,Going Ahead,Legal,None,50,Not Suspected,No
165,015,42,Grievios,August,2015,2,Cross Road,Police Control,Hit Pedestrian,2-way Street,2-way Street,Fair,Daylight,Straight+Flat,Other,Brick,Rough,Regional,None,Urban Area,304130,073660,   ?,Bus,Going Ahead,Legal,None,40,Not Suspected,No
166,025,42,Fatal,August,2015,4,Cross Road,Police Control,Hit Pedestrian,2-way Street,1-way Street,Fair,Night(lit),Curve Only,Dry,Sealed,Good,National,None,Urban Area,304122,073603,   ?,Bus,Going Ahead,Legal,None,35,Not Suspected,No
167,015,42,Fatal,August,2015,2,Cross Road,Police Control,Other,2-way Street,1-way Street,Fair,Night(lit),Straight+Flat,Dry,Sealed,Good,Regional,None,Urban Area,     ?,     ?,   ?,Bus,Going Ahead,Legal,None,45,Not Suspected,No
168,015,42,Fatal,August,2015,3,Cross Road,Police Control,Hit Pedestrian,2-way Street,2-way Street,Fair,Night(unlit),Curve Only,Dry,Sealed,Good,National,None,Urban Area,     ?,     ?,   ?,Bus,Going Ahead,Legal,None,45,Not Suspected,No
169,001,42,Fatal,August,2015,2,Staggered Junction,No Control,Hit Pedestrian,2-way Street,1-way Street,Fair,Dawn,Straight+Flat,Dry,Sealed,Good,City,None,Urban Area,304628,072899,   ?,Bus,Going Ahead,Legal,None,35,Not Suspected,No
170,001,42,Fatal,August,2015,1,T Junction,Police Control,Hit Pedestrian,2-way Street,1-way Street,Fair,Daylight,Straight+Flat,Dry,Sealed,Good,City,None,Urban Area,304585,072527,   ?,Car,Going Ahead,Legal,None,54,Not Suspected,Yes
171,043,42,Fatal,July,2015,4,Cross Road,Police Control,Hit Pedestrian,2-way Street,1-way Street,Rain,Night(lit),Straight+Flat,wet,Sealed,Good,City,None,Urban Area,     ?,     ?,   ?,Bus,Going Ahead,Legal,None,40,Not Suspected,No
172,034,42,Fatal,August,2015,4,No Junction,Centreline,Hit Pedestrian,2-way Street,1-way Street,Fair,Night(lit),Straight+Flat,Dry,Sealed,Good,City,None,Urban Area,     ?,     ?,   ?,Heavy Truck,Going Ahead,Legal,None,45,Not Suspected,No
173,034,42,Fatal,August,2015,3,No Junction,Police Control,Hit Pedestrian,2-way Street,1-way Street,Fair,Daylight,Straight+Flat,Dry,Sealed,Good,City,None,Urban Area,     ?,     ?,   ?,Bus,Going Ahead,Legal,None,35,Suspected,No
174,034,42,Simple,August,2015,2,Round About,Police + Traffic Lights,Hit Pedestrian,2-way Street,1-way Street,Fair,Daylight,Straight+Flat,Dry,Sealed,Good,City,None,Urban Area,     ?,     ?,   ?,Minibus,Going Ahead,Legal,None,33,Suspected,No
175,011,42,Fatal,August,2015,4,No Junction,Police Control,Hit Pedestrian,1-way Street,2-way Street,Fair,Daylight,Straight+Flat,Dry,Sealed,Good,City,None,Urban Area,     ?,     ?,   ?,Bus,Going Ahead,Legal,None,40,Not Suspected,No
176,025,42,Simple,August,2015,2,Cross Road,Police Control,Hit Pedestrian,1-way Street,1-way Street,Fair,Daylight,Straight+Flat,Dry,Sealed,Good,City,None,Urban Area,     ?,     ?,   ?,Motor Cycle,Going Ahead,Legal,None,35,Not Suspected,Yes
177,045,42,Fatal,August,2015,2,Cross Road,Police Control,Hit Pedestrian,1-way Street,1-way Street,Fair,Daylight,Straight+Flat,Dry,Sealed,Good,National,None,Urban Area,     ?,     ?,   ?,Minibus,Going Ahead,Unsafe,None,50,Not Suspected,No
178,033,42,Fatal,August,2015,1,T Junction,Pedestrain Crossing,Hit Pedestrian,1-way Street,1-way Street,Fair,Night(lit),Straight+Flat,Dry,Sealed,Good,Regional,None,Urban Area,     ?,     ?,   ?,Heavy Truck,Going Ahead,Legal,None,45,Suspected,No
179,033,42,Fatal,August,2015,1,T Junction,Police Control,Hit Pedestrian,1-way Street,2-way Street,Fair,Night(lit),Straight+Flat,wet,Sealed,Under Repair,National,None,Urban Area,     ?,     ?,   ?,Minibus,Going Ahead,Legal,None,45,Not Suspected,No
180,033,42,Fatal,August,2015,1,Cross Road,Police Control,Hit Pedestrian,1-way Street,2-way Street,Fair,Dawn,Straight+Flat,Dry,Sealed,Good,National,None,Urban Area,305089,072145,   ?,Minibus,Going Ahead,Legal,None,50,Not Suspected,No
181,017,42,Grievios,August,2015,1,Cross Road,Police Control,Hit Pedestrian,1-way Street,1-way Street,Fair,Daylight,Straight+Flat,Dry,Sealed,Good,City,None,Urban Area,     ?,     ?,   ?,Bus,Going Ahead,Legal,None,30,Not Suspected,No
182,017,42,Fatal,August,2015,1,T Junction,Police Control,Hit Pedestrian,1-way Street,1-way Street,Fair,Daylight,Straight+Flat,Dry,Sealed,Good,City,None,Urban Area,     ?,     ?,   ?,Minibus,Going Ahead,Legal,None,45,Not Suspected,No
183,022,42,Fatal,August,2015,4,Cross Road,Police Control,Hit Pedestrian,2-way Street,1-way Street,Fair,Night(lit),Straight+Flat,Dry,Sealed,Good,National,None,Urban Area,304640,073922,0003,Bus,Going Ahead,Legal,None,32,Not Suspected,No
184,011,42,Grievios,July,2015,1,Cross Road,Police Control,Hit Pedestrian,1-way Street,1-way Street,Fair,Night(unlit),Straight+Flat,Dry,Sealed,Good,National,None,Urban Area,304158,073424,   ?,Bus,Going Ahead,Legal,None,40,Not Suspected,No
185,008,42,Fatal,April,2015,1,T Junction,Police Control,Hit Pedestrian,1-way Street,1-way Street,Fair,Dawn,Straight+Flat,Dry,Sealed,Good,City,None,Urban Area,304179,072791,   ?,Bus,Going Ahead,Legal,None,40,Not Suspected,No
186,003,42,Grievios,August,2015,1,T Junction,Police Control,Hit Pedestrian,1-way Street,1-way Street,Fair,Night(lit),Straight+Flat,Dry,Sealed,Good,National,None,Urban Area,     ?,     ?,   ?,Heavy Truck,Going Ahead,Legal,None,40,Not Suspected,No
187,008,42,Fatal,May,2015,3,Cross Road,Police Control,Hit Pedestrian,1-way Street,1-way Street,Fair,Dawn,Straight+Flat,Dry,Sealed,Good,City,None,Urban Area,304267,072781,   ?,Bus,Going Ahead,Legal,None,40,Not Suspected,No
188,008,42,Grievios,May,2015,3,Cross Road,Police Control,Hit Pedestrian,1-way Street,1-way Street,Rain,Daylight,Straight+Flat,wet,Sealed,Good,City,None,Urban Area,304267,072781,   ?,Motor Cycle,Going Ahead,Legal,None,42,Not Suspected,Yes
189,009,42,Fatal,August,2015,2,Cross Road,Police Control,Hit Pedestrian,1-way Street,1-way Street,Fair,Daylight,Straight+Flat,Dry,Sealed,Good,National,Bridge,Urban Area,     ?,     ?,   ?,Car,Going Ahead,Legal,None,45,Not Suspected,Yes
190,009,42,Grievios,August,2015,4,T Junction,Police Control,Hit Pedestrian,1-way Street,1-way Street,Fair,Night(lit),Straight+Flat,Dry,Sealed,Good,National,None,Urban Area,304407,072903,   ?,Heavy Truck,Going Ahead,Legal,None,26,Not Suspected,No
191,005,42,Fatal,August,2015,2,Cross Road,Police Control,Hit Pedestrian,2-way Street,1-way Street,Fair,Dawn,Straight+Flat,Dry,Sealed,Good,National,None,Urban Area,     ?,     ?,   ?,Minibus,Right Turn,Legal,None,35,Not Suspected,No
192,049,42,Simple,September,2015,1,Cross Road,Police Control,Hit Pedestrian,2-way Street,2-way Street,Fair,Daylight,Straight+Flat,Dry,Sealed,Good,National,None,Urban Area,     ?,     ?,   ?,Microbus,Going Ahead,Legal,None,30,Not Suspected,Yes
193,042,42,Fatal,September,2015,1,Cross Road,Police Control,Hit Pedestrian,1-way Street,1-way Street,Fair,Night(lit),Curve + Slop,Dry,Sealed,Good,National,None,Urban Area,     ?,     ?,   ?,Pick Up,Going Ahead,Legal,None,40,Not Suspected,No
194,016,42,Fatal,September,2015,3,Cross Road,Police Control,Hit Pedestrian,1-way Street,1-way Street,Fair,Daylight,Straight+Flat,Dry,Sealed,Good,National,None,Urban Area,     ?,     ?,   ?,Heavy Truck,Going Ahead,Legal,None,40,Not Suspected,No
195,002,42,Grievios,September,2015,4,No Junction,Centreline,Hit Pedestrian,1-way Street,1-way Street,Fair,Night(lit),Straight+Flat,Dry,Sealed,Good,City,None,Urban Area,304634,072546,   ?,Microbus,Going Ahead,Legal,None,45,Suspected,No
196,009,42,Fatal,September,2015,4,Cross Road,No Control,Hit Pedestrian,1-way Street,1-way Street,Fair,Night(lit),Straight+Flat,Dry,Sealed,Good,National,None,Urban Area,304398,072870,   ?,Microbus,Going Ahead,Legal,None,38,Not Suspected,No
197,034,42,Fatal,September,2015,3,Cross Road,Police Control,Hit Pedestrian,1-way Street,1-way Street,Fair,Daylight,Straight+Flat,Dry,Sealed,Good,National,None,Urban Area,303875,073172,   ?,Bus,Going Ahead,Legal,None,40,Not Suspected,No
198,034,42,Fatal,September,2015,3,T Junction,Police Control,Hit Pedestrian,1-way Street,1-way Street,Rain,Daylight,Straight+Flat,wet,Sealed,Good,National,None,Urban Area,304014,073150,   ?,Minibus,Going Ahead,Legal,None,30,Not Suspected,No
199,034,42,Fatal,September,2015,2,No Junction,No Control,Hit Pedestrian,1-way Street,1-way Street,Fair,Night(lit),Straight+Flat,Dry,Sealed,Good,National,None,Urban Area,     ?,     ?,   ?,Bus,Going Ahead,Legal,None,35,Not Suspected,No
200,029,42,Fatal,September,2015,1,Cross Road,Police Control,Hit Pedestrian,1-way Street,1-way Street,Fair,Dawn,Straight+Flat,Dry,Sealed,Good,National,None,Urban Area,     ?,     ?,   ?,Heavy Truck,Going Ahead,Legal,None,35,Not Suspected,No
201,041,42,Fatal,September,2015,2,Cross Road,Police Control,Hit Pedestrian,2-way Street,1-way Street,Fair,Daylight,Straight+Flat,Dry,Sealed,Good,City,None,Urban Area,     ?,     ?,   ?,Bus,Going Ahead,Legal,None,24,Not Suspected,No
202,041,42,Grievios,September,2015,2,Cross Road,No Control,Hit Pedestrian,2-way Street,2-way Street,Fair,Dawn,Straight+Flat,Dry,Sealed,Good,City,None,Urban Area,     ?,     ?,   ?,Heavy Truck,Going Ahead,Legal,None,42,Not Suspected,No
203,006,42,Fatal,September,2015,3,No Junction,Centreline,Head On,1-way Street,2-way Street,Fair,Daylight,Straight+Flat,Dry,Sealed,Good,National,None,Urban Area,     ?,     ?,   ?,Motor Cycle,Going Ahead,Legal,None,30,Not Suspected,No
204,024,42,Fatal,September,2015,2,T Junction,Police Control,Hit Pedestrian,2-way Street,2-way Street,Fair,Daylight,Straight+Flat,Dry,Sealed,Good,City,None,Rural Area,     ?,     ?,   ?,Bus,Going Ahead,Legal,None,18,Not Suspected,No
205,033,42,Fatal,September,2015,2,Round About,Police Control,Hit Pedestrian,2-way Street,1-way Street,Fair,Daylight,Curve Only,Dry,Sealed,Good,National,None,Urban Area,304883,072259,0001,Minibus,Going Ahead,Legal,None,40,Not Suspected,No
206,033,42,Fatal,September,2015,1,Cross Road,Police Control,Hit Pedestrian,2-way Street,2-way Street,Fair,Daylight,Curve + Slop,Other,Sealed,Good,National,None,Urban Area,304883,072259,   ?,Bus,Going Ahead,Legal,None,25,Not Suspected,No
207,033,42,Fatal,September,2015,4,Other,Police Control,Hit Pedestrian,2-way Street,2-way Street,Fair,Night(lit),Straight+Flat,Dry,Sealed,Good,National,Bridge,Urban Area,     ?,     ?,   ?,Minibus,Going Ahead,Legal,None,28,Not Suspected,No
208,006,42,Fatal,September,2015,1,Other,Police Control,Hit Pedestrian,1-way Street,1-way Street,Fair,Night(lit),Straight+Flat,Dry,Sealed,Good,Regional,Bridge,Urban Area,     ?,     ?,   ?,Bus,Going Ahead,Legal,None,35,Not Suspected,No
209,044,42,Fatal,September,2015,1,Cross Road,Police Control,Hit Pedestrian,2-way Street,1-way Street,Fair,Night(lit),Straight+Flat,Dry,Sealed,Good,National,None,Urban Area,     ?,     ?,0003,Minibus,Going Ahead,Legal,None,30,Not Suspected,No
210,044,42,Simple,September,2015,1,Cross Road,Police Control,Hit Pedestrian,2-way Street,2-way Street,Fair,Daylight,Straight+Flat,Dry,Sealed,Good,City,None,Urban Area,304413,074177,   ?,Jeep,Going Ahead,Legal,Lights,25,Not Suspected,Yes
211,044,42,Fatal,September,2015,1,Other,Police Control,Hit Pedestrian,2-way Street,2-way Street,Fair,Dawn,Straight+Flat,Dry,Sealed,Good,National,None,Urban Area,     ?,     ?,0003,Microbus,Going Ahead,Legal,None,28,Not Suspected,No
212,004,42,Grievios,September,2015,2,T Junction,Police Control,Hit Pedestrian,1-way Street,1-way Street,Fair,Daylight,Straight+Flat,Other,Sealed,Good,City,None,Urban Area,304612,072310,   ?,Minibus,Overtaking,Legal,None,45,Not Suspected,No
213,046,42,Fatal,September,2015,1,Cross Road,Police Control,Hit Pedestrian,2-way Street,1-way Street,Fair,Dawn,Curve + Slop,Dry,Sealed,Good,Rural Road,None,Rural Area,     ?,     ?,   ?,Pick Up,Crossing Road,Legal,None,30,Not Suspected,No
214,011,42,Fatal,September,2015,2,T Junction,Police Control,Hit Pedestrian,1-way Street,1-way Street,Fair,Night(unlit),Straight+Flat,Dry,Brick,Good,National,None,Urban Area,304139,073439,   ?,Bus,Going Ahead,Legal,None,35,Not Suspected,No
215,002,42,Fatal,September,2015,2,Cross Road,Police Control,Hit Pedestrian,1-way Street,1-way Street,Fair,Night(lit),Curve Only,Dry,Sealed,Good,City,None,Urban Area,304792,072408,   ?,Bus,Going Ahead,Legal,None,35,Not Suspected,No
216,022,42,Fatal,September,2015,2,No Junction,Police Control,Hit Pedestrian,2-way Street,1-way Street,Fair,Dawn,Straight+Flat,Dry,Sealed,Good,National,Bridge,Urban Area,     ?,     ?,0003,Bus,Going Ahead,Legal,None,35,Not Suspected,No
217,040,42,Fatal,September,2015,1,Cross Road,Police Control,Hit Pedestrian,1-way Street,2-way Street,Fair,Daylight,Straight+Flat,Dry,Sealed,Good,National,None,Urban Area,     ?,     ?,   ?,Heavy Truck,Going Ahead,Legal,None,35,Not Suspected,No
218,035,42,Fatal,September,2015,4,Other,Police Control,Hit Pedestrian,1-way Street,2-way Street,Fair,Dawn,Straight+Flat,Dry,Earth,Good,Feeder,None,Rural Area,     ?,     ?,   ?,Heavy Truck,Going Ahead,Legal,None,40,Not Suspected,No
219,037,42,Fatal,September,2015,4,Other,Police Control,Hit Pedestrian,2-way Street,2-way Street,Fair,Daylight,Straight+Flat,Dry,Brick,Rough,Regional,Bridge,Urban Area,304250,072950,   ?,Other,Going Ahead,Legal,None,37,Not Suspected,No
220,015,42,Grievios,September,2015,4,Cross Road,Police Control,Hit Pedestrian,2-way Street,1-way Street,Fair,Daylight,Straight+Flat,Dry,Sealed,Good,City,None,Urban Area,304599,072225,   ?,Bus,Going Ahead,Legal,None,23,Not Suspected,No
221,005,42,Grievios,September,2015,2,Cross Road,Police Control,Hit Pedestrian,2-way Street,1-way Street,Fair,Daylight,Straight+Flat,Dry,Sealed,Good,City,None,Urban Area,304599,072225,   ?,Bus,Going Ahead,Legal,None,23,Not Suspected,No
222,023,42,Fatal,October,2015,4,Other,No Control,Hit Pedestrian,1-way Street,1-way Street,Fair,Night(lit),Straight+Flat,Dry,Sealed,Good,National,None,Urban Area,     ?,     ?,   ?,Microbus,Going Ahead,Legal,None,30,Not Suspected,Yes
223,016,42,Fatal,October,2015,4,T Junction,Police Control,Hit Pedestrian,2-way Street,1-way Street,Fair,Night(lit),Straight+Flat,Dry,Sealed,Good,National,None,Urban Area,304729,073223,   ?,Bus,Going Ahead,Legal,None,35,Not Suspected,No
224,042,42,Fatal,October,2015,2,Cross Road,Police Control,Hit Pedestrian,1-way Street,1-way Street,Fair,Night(lit),Curve + Slop,Dry,Sealed,Good,National,None,Urban Area,304412,073165,   ?,Bus,Going Ahead,Legal,None,30,Suspected,No
225,037,42,Fatal,October,2015,4,Other,Police Control,Hit Pedestrian,2-way Street,2-way Street,Fair,Night(lit),Straight+Flat,Dry,Sealed,Good,Feeder,None,Urban Area,304142,073072,   ?,Car,Going Ahead,Legal,None,26,Not Suspected,Yes
226,002,42,Fatal,October,2015,4,No Junction,Police Control,Hit Pedestrian,1-way Street,1-way Street,Fair,Night(lit),Straight+Flat,Dry,Sealed,Good,City,None,Urban Area,304893,072516,   ?,Motor Cycle,Going Ahead,Legal,Other,30,Not Suspected,Yes
227,002,42,Fatal,October,2015,1,No Junction,Police Control,Hit Pedestrian,1-way Street,1-way Street,Fair,Night(lit),Straight+Flat,Dry,Sealed,Good,City,None,Urban Area,304839,072420,   ?,Motor Cycle,Going Ahead,Legal,Other,28,Suspected,No
228,033,42,Fatal,October,2015,1,Other,Police Control,Hit Pedestrian,2-way Street,2-way Street,Fair,Dawn,Straight+Flat,Dry,Sealed,Rough,National,None,Urban Area,     ?,     ?,0001,Minibus,Going Ahead,Legal,None,29,Not Suspected,No
229,033,42,Fatal,October,2015,1,No Junction,No Control,Hit Pedestrian,2-way Street,2-way Street,Fair,Daylight,Straight+Flat,Dry,Sealed,Good,City,None,Urban Area,304723,072353,   ?,Heavy Truck,Going Ahead,Legal,None,40,Not Suspected,No
230,033,42,Fatal,October,2015,1,Other,Police Control,Hit Pedestrian,2-way Street,2-way Street,Fair,Night(lit),Straight+Flat,Dry,Sealed,Good,National,None,Urban Area,305082,072052,0001,Heavy Truck,Going Ahead,Legal,None,35,Not Suspected,No
231,033,42,Fatal,October,2015,1,Other,Police Control,Hit Pedestrian,2-way Street,2-way Street,Fair,Daylight,Straight+Flat,Dry,Sealed,Good,National,None,Urban Area,304877,072273,   ?,Bus,Going Ahead,Legal,None,30,Not Suspected,No
232,033,42,Grievios,October,2015,1,No Junction,Police Control,Hit Pedestrian,2-way Street,2-way Street,Fair,Daylight,Straight+Flat,Dry,Sealed,Good,National,None,Urban Area,305154,072115,0001,Microbus,Going Ahead,Legal,None,35,Not Suspected,No
233,034,42,Grievios,October,2015,2,Other,Police Control,Hit Pedestrian,2-way Street,1-way Street,Fair,Daylight,Straight+Flat,Dry,Sealed,Good,National,None,Urban Area,303872,073152,   ?,Bus,Overtaking,Legal,Other,32,Not Suspected,No
234,034,42,Fatal,October,2015,1,No Junction,Police Control,Hit Pedestrian,2-way Street,1-way Street,Fair,Dawn,Straight+Flat,Dry,Sealed,Good,National,None,Urban Area,303873,073162,   ?,Bus,Going Ahead,Legal,None,30,Not Suspected,No
235,034,42,Fatal,October,2015,1,Cross Road,Police Control,Hit Pedestrian,1-way Street,1-way Street,Fair,Dawn,Straight+Flat,Dry,Sealed,Good,City,None,Urban Area,303872,073177,   ?,Minibus,Going Ahead,Legal,None,35,Not Suspected,No
236,044,42,Fatal,October,2015,4,Cross Road,Police Control,Hit Pedestrian,2-way Street,1-way Street,Fair,Night(lit),Straight+Flat,Dry,Sealed,Good,National,None,Urban Area,304431,074399,0003,Heavy Truck,Going Ahead,Legal,None,55,Not Suspected,No
237,030,42,Fatal,October,2015,2,Other,Police Control,Hit Pedestrian,2-way Street,2-way Street,Fair,Daylight,Straight+Flat,Dry,Sealed,Good,Regional,None,Urban Area,     ?,     ?,   ?,Other,Going Ahead,Legal,None,28,Not Suspected,No
238,014,42,Fatal,October,2015,1,Other,Police Control,Hit Pedestrian,2-way Street,1-way Street,Fair,Night(lit),Straight+Flat,Dry,Sealed,Good,National,None,Urban Area,304446,074175,0003,Minibus,Going Ahead,Legal,None,40,Not Suspected,No
239,009,42,Grievios,October,2015,1,Other,Police Control,Hit Pedestrian,1-way Street,1-way Street,Fair,Night(lit),Straight+Flat,Dry,Sealed,Good,National,None,Urban Area,     ?,     ?,   ?,Microbus,Going Ahead,Legal,None,28,Not Suspected,No
240,005,42,Fatal,October,2015,2,Cross Road,Police Control,Hit Pedestrian,1-way Street,2-way Street,Fair,Daylight,Straight+Flat,Dry,Sealed,Good,National,None,Urban Area,     ?,     ?,   ?,Heavy Truck,Going Ahead,Legal,None,33,Not Suspected,No
241,005,42,Fatal,October,2015,2,No Junction,Police Control,Hit Pedestrian,2-way Street,2-way Street,Fair,Daylight,Straight+Flat,Dry,Sealed,Good,National,None,Urban Area,304590,072210,   ?,Bus,Going Ahead,Legal,None,35,Not Suspected,No
242,005,42,Grievios,October,2015,4,Cross Road,Police Control,Hit Pedestrian,1-way Street,1-way Street,Fair,Daylight,Straight+Flat,Dry,Sealed,Good,National,None,Urban Area,304575,072205,   ?,Bus,Going Ahead,Legal,None,26,Not Suspected,No
243,005,42,Motor Collusion,October,2015,4,Cross Road,Police Control,Slide Swip,1-way Street,1-way Street,Fair,Daylight,Straight+Flat,Dry,Sealed,Good,National,Bridge,Urban Area,304575,072205,   ?,Other,Going Ahead,Legal,None,35,Not Suspected,No
244,017,42,Fatal,October,2015,3,No Junction,Police Control,Hit Pedestrian,1-way Street,1-way Street,Fair,Daylight,Straight+Flat,Dry,Sealed,Good,National,None,Urban Area,304155,073575,   ?,Minibus,Going Ahead,Legal,None,35,Not Suspected,No
245,017,42,Grievios,October,2015,1,No Junction,Police Control,Hit Pedestrian,2-way Street,1-way Street,Fair,Daylight,Straight+Flat,Dry,Sealed,Good,National,None,Urban Area,     ?,     ?,   ?,Microbus,Reversing,Legal,None,30,Not Suspected,No
246,017,42,Fatal,October,2015,3,No Junction,Police Control,Hit Pedestrian,2-way Street,1-way Street,Fair,Daylight,Straight+Flat,Dry,Sealed,Good,National,None,Urban Area,     ?,     ?,   ?,Bus,Going Ahead,Legal,None,30,Not Suspected,No
247,017,42,Fatal,October,2015,3,Cross Road,Police Control,Hit Pedestrian,1-way Street,1-way Street,Fair,Night(lit),Straight+Flat,Dry,Sealed,Good,National,None,Urban Area,304348,073058,   ?,Minibus,Going Ahead,Legal,None,35,Not Suspected,No
248,029,42,Fatal,October,2015,3,Cross Road,Police Control,Hit Pedestrian,1-way Street,1-way Street,Fair,Daylight,Straight+Flat,Dry,Sealed,Good,National,None,Urban Area,304670,072603,   ?,Bus,Going Ahead,Legal,None,35,Not Suspected,No
249,013,42,Fatal,October,2015,4,Other,Police Control,Hit Pedestrian,2-way Street,1-way Street,Fair,Daylight,Straight+Flat,Dry,Sealed,Good,National,None,Urban Area,304125,073716,   ?,Rickshaw,Going Ahead,Legal,None,35,Not Suspected,No
250,003,42,Fatal,October,2015,1,No Junction,Police Control,Other,1-way Street,1-way Street,Fair,Dawn,Slop Only,Dry,Sealed,Good,National,Bridge,Urban Area,304790,072789,   ?,Minibus,Going Ahead,Legal,None,35,Not Suspected,No
251,013,42,Fatal,November,2015,2,Other,Police Control,Hit Pedestrian,1-way Street,1-way Street,Fair,Dawn,Slop Only,Dry,Sealed,Good,National,None,Urban Area,     ?,     ?,   ?,Bus,Going Ahead,Legal,None,35,Not Suspected,No
252,042,42,Fatal,November,2015,4,Cross Road,Police Control,Hit Pedestrian,1-way Street,2-way Street,Fair,Night(lit),Curve Only,Dry,Sealed,Good,National,None,Urban Area,     ?,     ?,   ?,Heavy Truck,Going Ahead,Legal,None,35,Not Suspected,No
253,034,42,Fatal,November,2015,2,Cross Road,No Control,Hit Pedestrian,2-way Street,1-way Street,Fair,Dawn,Straight+Flat,Dry,Sealed,Good,National,None,Urban Area,     ?,     ?,   ?,Bus,Going Ahead,Legal,None,28,Not Suspected,No
254,016,42,Fatal,November,2015,1,T Junction,Police Control,Hit Pedestrian,1-way Street,1-way Street,Fair,Daylight,Straight+Flat,Dry,Sealed,Good,National,None,Urban Area,     ?,     ?,   ?,Bus,Going Ahead,Legal,None,40,Not Suspected,No
255,018,42,Fatal,November,2015,1,Cross Road,Police Control,Hit Pedestrian,2-way Street,1-way Street,Fair,Dawn,Straight+Flat,Dry,Sealed,Good,National,None,Urban Area,304760,072739,   ?,Heavy Truck,Going Ahead,Legal,None,40,Not Suspected,No
256,012,42,Grievios,November,2015,4,Cross Road,Police Control,Overturned vehicle,1-way Street,1-way Street,Rain,Dawn,Straight+Flat,Dry,Sealed,Good,City,None,Urban Area,     ?,     ?,   ?,Bus,Right Turn,Legal,None,42,Not Suspected,No
257,033,42,Fatal,November,2015,4,No Junction,Police Control,Hit Pedestrian,2-way Street,1-way Street,Fair,Daylight,Straight+Flat,Dry,Sealed,Good,National,None,Urban Area,     ?,     ?,0001,Pick Up,Going Ahead,Legal,None,35,Not Suspected,No
258,048,42,Fatal,November,2015,1,No Junction,No Control,Hit Pedestrian,2-way Street,1-way Street,Fair,Night(lit),Straight+Flat,Dry,Sealed,Good,City,None,Urban Area,     ?,     ?,   ?,Minibus,Going Ahead,Legal,None,30,Not Suspected,No
259,024,42,Fatal,November,2015,1,No Junction,No Control,Overturned vehicle,2-way Street,2-way Street,Fog,Dawn,Curve Only,Dry,Sealed,Good,National,None,Rural Area,     ?,     ?,   ?,Heavy Truck,Right Turn,Unsafe,Other,30,Suspected,No
260,038,42,Fatal,November,2015,4,No Junction,Police Control,Hit Pedestrian,2-way Street,2-way Street,Fair,Dawn,Straight+Flat,Dry,Sealed,Good,City,None,Urban Area,     ?,     ?,   ?,Heavy Truck,Going Ahead,Legal,None,30,Not Suspected,No
261,025,42,Fatal,November,2015,2,Cross Road,Police Control,Hit Pedestrian,1-way Street,2-way Street,Fair,Daylight,Curve Only,Dry,Sealed,Good,National,None,Urban Area,     ?,     ?,   ?,Bus,Right Turn,Legal,None,35,Not Suspected,No
262,001,42,Fatal,November,2015,1,No Junction,No Control,Hit Pedestrian,1-way Street,2-way Street,Fair,Night(lit),Straight+Flat,Dry,Sealed,Good,City,None,Urban Area,304628,072899,   ?,Heavy Truck,Going Ahead,Legal,None,30,Not Suspected,No
263,049,42,Fatal,November,2015,4,Cross Road,Police Control,Hit Pedestrian,2-way Street,2-way Street,Fair,Night(lit),Straight+Flat,Dry,Sealed,Good,National,None,Urban Area,     ?,     ?,   ?,Tempo,Going Ahead,Legal,None,25,Not Suspected,No
264,044,42,Fatal,November,2015,4,Cross Road,Police Control,Hit Pedestrian,2-way Street,1-way Street,Fair,Night(lit),Straight+Flat,Dry,Sealed,Good,National,None,Urban Area,304479,074286,0003,Bus,Going Ahead,Legal,None,35,Not Suspected,No
265,017,42,Fatal,November,2015,2,Cross Road,Police Control,Hit Pedestrian,1-way Street,2-way Street,Fair,Daylight,Straight+Flat,Dry,Sealed,Good,National,None,Urban Area,304250,073220,   ?,Bus,Going Ahead,Legal,None,30,Not Suspected,No
266,017,42,Grievios,November,2015,3,Cross Road,Police Control,Hit Pedestrian,2-way Street,2-way Street,Fair,Daylight,Straight+Flat,Dry,Sealed,Good,National,None,Urban Area,304374,073175,   ?,Car,Going Ahead,Legal,None,35,Not Suspected,Yes
267,019,42,Fatal,November,2015,4,Cross Road,Police Control,Rear End,2-way Street,1-way Street,Fair,Dawn,Straight+Flat,Dry,Sealed,Good,National,None,Urban Area,     ?,     ?,   ?,Bus,Sudden Start,Legal,None,22,Not Suspected,No
268,007,42,Fatal,November,2015,2,Cross Road,Police Control,Hit Pedestrian,1-way Street,1-way Street,Fair,Daylight,Straight+Flat,Dry,Sealed,Good,National,None,Urban Area,     ?,     ?,   ?,Heavy Truck,Going Ahead,Legal,None,30,Not Suspected,No
269,036,42,Fatal,December,2015,3,Cross Road,Police Control,Hit Pedestrian,1-way Street,2-way Street,Fair,Daylight,Straight+Flat,Dry,Sealed,Good,National,None,Urban Area,     ?,     ?,   ?,Bus,Going Ahead,Legal,None,28,Not Suspected,No
270,013,42,Grievios,December,2015,3,No Junction,Police Control,Hit Object in Road,2-way Street,1-way Street,Fair,Daylight,Straight+Flat,Dry,Sealed,Good,National,None,Urban Area,     ?,     ?,   ?,Minibus,Going Ahead,Legal,None,35,Not Suspected,No
271,040,42,Fatal,December,2015,4,Cross Road,Police Control,Hit Pedestrian,1-way Street,1-way Street,Fair,Night(lit),Straight+Flat,Dry,Sealed,Good,City,None,Urban Area,304536,072367,   ?,Heavy Truck,Going Ahead,Legal,None,32,Not Suspected,No
272,034,42,Fatal,December,2015,4,T Junction,Police Control,Hit Pedestrian,2-way Street,2-way Street,Fair,Night(lit),Straight+Flat,Dry,Sealed,Good,National,None,Urban Area,303971,073216,   ?,Heavy Truck,Going Ahead,Legal,None,32,Not Suspected,No
273,049,42,Fatal,December,2015,4,Cross Road,Police Control,Hit Pedestrian,1-way Street,1-way Street,Fair,Dawn,Straight+Flat,Dry,Sealed,Good,National,None,Urban Area,304835,072725,   ?,Bus,Going Ahead,Legal,None,29,Not Suspected,No
274,048,42,Fatal,December,2015,2,No Junction,Police Control,Hit Pedestrian,1-way Street,1-way Street,Fair,Daylight,Straight+Flat,Dry,Sealed,Good,National,None,Urban Area,     ?,     ?,   ?,Bus,Going Ahead,Legal,None,30,Not Suspected,No
275,002,42,Fatal,December,2015,2,No Junction,Centreline,Hit Pedestrian,1-way Street,1-way Street,Fair,Daylight,Curve Only,Dry,Sealed,Good,Regional,None,Urban Area,304839,072420,   ?,Bus,Left Turn,Legal,None,30,Not Suspected,No
276,029,42,Fatal,December,2015,3,Cross Road,Police Control,Hit Pedestrian,1-way Street,2-way Street,Fair,Daylight,Straight+Flat,Dry,Sealed,Good,National,None,Urban Area,     ?,     ?,   ?,Heavy Truck,Going Ahead,Legal,None,35,Not Suspected,No
277,029,42,Fatal,December,2015,2,Cross Road,Police Control,Hit Pedestrian,1-way Street,2-way Street,Fair,Dawn,Straight+Flat,Dry,Sealed,Good,National,None,Urban Area,304471,072586,   ?,Bus,Going Ahead,Legal,None,30,Not Suspected,No
278,033,42,Fatal,December,2015,4,Cross Road,Police Control,Hit Pedestrian,2-way Street,2-way Street,Fair,Night(lit),Straight+Flat,Dry,Sealed,Good,National,None,Urban Area,305135,072155,0001,Bus,Going Ahead,Legal,None,32,Not Suspected,No
279,033,42,Fatal,December,2015,2,Cross Road,Police Control,Hit Pedestrian,2-way Street,2-way Street,Fair,Night(lit),Straight+Flat,Dry,Sealed,Good,National,None,Urban Area,     ?,     ?,0001,Minibus,Going Ahead,Legal,None,40,Not Suspected,No
280,033,42,Fatal,December,2015,2,Cross Road,Police Control,Hit Pedestrian,2-way Street,2-way Street,Fair,Daylight,Straight+Flat,Dry,Sealed,Good,National,None,Urban Area,304734,072445,0001,Bus,Going Ahead,Legal,None,38,Not Suspected,No
281,033,42,Fatal,December,2015,1,No Junction,Police Control,Hit Pedestrian,2-way Street,1-way Street,Fair,Night(lit),Straight+Flat,Dry,Sealed,Rough,Regional,None,Urban Area,     ?,     ?,0001,Minibus,Going Ahead,Legal,None,29,Not Suspected,No
282,017,42,Fatal,December,2015,2,Cross Road,Police Control,Hit Pedestrian,1-way Street,1-way Street,Fair,Daylight,Slop Only,Dry,Sealed,Good,National,None,?,     ?,     ?,   ?,Bus,Going Ahead,Legal,None,35,Not Suspected,No
283,046,42,Fatal,December,2015,4,Cross Road,No Control,Hit Pedestrian,2-way Street,1-way Street,Fair,Daylight,Straight+Flat,Dry,Sealed,Good,National,None,Urban Area,     ?,     ?,   ?,Heavy Truck,Going Ahead,Legal,None,35,Not Suspected,No
284,015,42,Fatal,December,2015,4,Other,Police Control,Hit Pedestrian,2-way Street,1-way Street,Fair,Daylight,Straight+Flat,Dry,Sealed,Good,Regional,Bridge,Rural Area,     ?,     ?,   ?,Bus,Going Ahead,Legal,None,30,Not Suspected,No
285,022,42,Fatal,December,2015,3,Cross Road,Police Control,Hit Pedestrian,2-way Street,2-way Street,Fair,Dawn,Straight+Flat,Dry,Sealed,Good,National,None,Urban Area,     ?,     ?,0003,Bus,Going Ahead,Legal,None,32,Not Suspected,No
286,024,42,Fatal,December,2015,3,Cross Road,Police Control,Hit Pedestrian,2-way Street,2-way Street,Fair,Dawn,Straight+Flat,Dry,Sealed,Good,City,None,Urban Area,     ?,     ?,   ?,Bus,Going Ahead,Legal,None,30,Not Suspected,No
287,044,42,Fatal,December,2015,3,Cross Road,Police Control,Hit Pedestrian,2-way Street,1-way Street,Fair,Daylight,Straight+Flat,Dry,Sealed,Good,National,None,Urban Area,     ?,     ?,   ?,Minibus,Going Ahead,Legal,None,38,Not Suspected,No
288,001,42,Fatal,December,2015,3,Cross Road,Police Control,Hit Pedestrian,2-way Street,2-way Street,Fair,Daylight,Straight+Flat,Dry,Sealed,Good,National,None,Urban Area,304515,072693,   ?,Heavy Truck,Going Ahead,Legal,None,40,Not Suspected,No
289,005,42,Grievios,January,2015,3,No Junction,No Control,Hit Pedestrian,2-way Street,1-way Street,Fair,Daylight,Straight+Flat,Dry,Sealed,Good,City,None,Urban Area,304590,072210,   ?,Bus,Going Ahead,Legal,None,30,Not Suspected,No
290,005,42,Grievios,March,2015,4,No Junction,Police Control,Hit Pedestrian,2-way Street,2-way Street,Fair,Night(lit),Straight+Flat,Dry,Sealed,Good,City,None,Urban Area,     ?,     ?,   ?,Other,Going Ahead,Legal,None,30,Not Suspected,No
291,005,42,Fatal,June,2015,3,No Junction,Police Control,Hit Pedestrian,2-way Street,1-way Street,Fair,Daylight,Straight+Flat,Dry,Sealed,Good,City,None,Urban Area,304590,072210,   ?,Truck,Going Ahead,Legal,None,38,Not Suspected,No
292,005,42,Fatal,November,2015,2,Cross Road,Police Control,Hit Pedestrian,2-way Street,1-way Street,Fair,Daylight,Straight+Flat,Dry,Sealed,Good,City,None,Urban Area,304590,072210,   ?,Bus,Going Ahead,Legal,None,30,Not Suspected,No
293,005,42,Fatal,December,2015,4,No Junction,Police Control,Hit Pedestrian,2-way Street,1-way Street,Fair,Night(lit),Straight+Flat,Dry,Sealed,Good,City,None,Urban Area,304575,072205,   ?,Bus,Going Ahead,Legal,None,35,Not Suspected,No
294,019,42,Fatal,March,2015,2,No Junction,Other,Hit Pedestrian,1-way Street,2-way Street,Fair,Dawn,Straight+Flat,Dry,Sealed,Good,City,None,Urban Area,     ?,     ?,   ?,Heavy Truck,Going Ahead,Legal,Brakes,22,Not Suspected,No
295,019,42,Fatal,January,2015,3,Other,No Control,Hit Pedestrian,2-way Street,1-way Street,Fair,Daylight,Straight+Flat,Dry,Sealed,Good,City,None,Rural Area,     ?,     ?,   ?,Baby Taxi,Going Ahead,Legal,None,30,Not Suspected,No
296,019,42,Simple,March,2015,3,No Junction,No Control,Hit Pedestrian,2-way Street,2-way Street,Fair,Daylight,Straight+Flat,Dry,Sealed,Good,City,None,Urban Area,     ?,     ?,   ?,Motor Cycle,Going Ahead,Legal,None,23,Not Suspected,Yes
297,016,42,Simple,December,2015,4,Cross Road,No Control,Hit Pedestrian,1-way Street,1-way Street,Fair,Dawn,Straight+Flat,Dry,Sealed,Good,City,None,Urban Area,     ?,     ?,   ?,Minibus,Going Ahead,Legal,None,40,Not Suspected,No
298,028,42,Fatal,April,2015,4,T Junction,No Control,Hit Pedestrian,2-way Street,1-way Street,Fair,Dawn,Straight+Flat,Dry,Sealed,Good,City,None,Urban Area,     ?,     ?,   ?,Bus,Other,Legal,None,22,Not Suspected,No
299,028,42,Grievios,June,2015,3,Round About,Police + Traffic Lights,Hit Pedestrian,2-way Street,1-way Street,Fair,Daylight,Curve + Slop,Dry,Sealed,Good,City,None,Urban Area,304695,072421,   ?,Minibus,Left Turn,Legal,None,30,Not Suspected,No
300,015,42,Fatal,August,2015,4,T Junction,No Control,Hit Pedestrian,2-way Street,1-way Street,Fair,Night(lit),Straight+Flat,Dry,Sealed,Good,Regional,?,?,304122,073603,   ?,?,?,?,?, ?,Not Suspected,No
301,005,18,Grievios,May,2015,3,Cross Road,No Control,Hit Pedestrian,2-way Street,1-way Street,Fair,Daylight,Straight+Flat,Dry,Sealed,Under Repair,City,None,Urban Area,304668,072624,   ?,Bus,Going Ahead,Legal,Other,40,Not Suspected,No
302,022,42,Fatal,September,2015,1,Round About,Police Control,Hit Pedestrian,2-way Street,1-way Street,Fair,Night(lit),Straight+Flat,Dry,Sealed,Good,National,None,Urban Area,     ?,     ?,0003,Minibus,Going Ahead,Legal,Multiple, ?,Suspected,No
